family,slice,n,mean_duration,sum_ae_model,sum_ae_fallback,mae_model,mae_fallback
period,weekday_am_peak,322651,17.013824534868945,1290124.7442144782,1481199.4166666667,3.998514631023856,4.590716956298499
period,weekday_evening,485517,15.22744689338032,1562321.2137669728,1658756.6333333333,3.2178506906389948,3.416474877982302
period,weekday_midday,727581,19.876562769872585,3492987.8560516336,3781193.9166666665,4.800823353072213,5.196938782990027
period,weekday_overnight,103440,14.402461974735758,320492.08665908675,347154.74166666664,3.098338038080885,3.356097657257025
period,weekday_pm_peak,626848,18.407072793829872,2694453.186472711,3006858.191666667,4.298415543277973,4.796789958118502
period,weekend_or_holiday_am_peak,100100,13.754338827838827,351086.55365796376,482193.9083333333,3.5073581784012364,4.817121961371961
period,weekend_or_holiday_evening,242018,15.93249028309189,840544.3880453289,957212.75,3.4730655903500107,3.9551304035237047
period,weekend_or_holiday_midday,407285,16.761637673864737,1705726.6194123107,1884936.7416666667,4.188041836582027,4.628053431053603
period,weekend_or_holiday_overnight,167795,13.14755395969288,456549.7962055866,500233.325,2.720878430260655,2.9812171101641884
period,weekend_or_holiday_pm_peak,319771,18.29804104604024,1435432.1268623064,1483894.7833333334,4.488937792552503,4.640492050039977
airport,from_EWR,50,7.480666666666666,101.6960900112108,118.25000000000001,2.033921800224216,2.365
airport,from_JFK,143813,45.13990981343828,1004471.4308205389,1282870.9416666667,6.984566282745919,8.92041012750354
airport,from_LGA,99947,33.52685306545803,654384.6249979186,780466.4666666667,6.5473163276328314,7.8088033324328565
airport,to_EWR,8950,43.74178770949721,69816.6035488646,82433.425,7.800737826688782,9.210438547486033
airport,to_JFK,30159,53.28589420515711,256882.35177108741,352402.10833333334,8.517601769657064,11.684807464880578
airport,to_LGA,38591,31.058251492144112,212211.10924976825,249660.225,5.498979276250116,6.469389883651629
borough_pair,Bronx->Bronx,4077,17.538218461286895,20439.925682614197,23345.075,5.0134720830547455,5.726042433161639
borough_pair,Bronx->Brooklyn,1092,70.45067155067154,20801.936972473988,24236.541666666668,19.049392831935887,22.19463522588523
borough_pair,Bronx->EWR,2,37.458333333333336,9.26240269036947,48.51666666666667,4.631201345184735,24.258333333333336
borough_pair,Bronx->Manhattan,5816,40.16538858321871,65133.8380109008,80365.83333333333,11.199078062396973,13.818059376432828
borough_pair,Bronx->Queens,1059,45.13108278249921,13515.961796880918,17370.033333333333,12.762947872408798,16.40229776518728
borough_pair,Brooklyn->Bronx,1292,64.8155830753354,20330.60016297511,24959.333333333332,15.735758640073616,19.318369453044376
borough_pair,Brooklyn->Brooklyn,34900,22.460545367717287,226133.1120304699,246719.8,6.479458797434668,7.069335243553009
borough_pair,Brooklyn->EWR,47,55.02269503546099,586.7405016979046,685.35,12.483840461657545,14.581914893617022
borough_pair,Brooklyn->Manhattan,19329,34.819384517219376,146686.6794394659,174655.71666666667,7.588943009957364,9.035941676582683
borough_pair,Brooklyn->Queens,7556,35.771658284806776,63647.174337708595,77449.85,8.423395227330412,10.250112493382742
borough_pair,Brooklyn->Staten Island,69,17.40072463768116,435.6229120714805,533.725,6.3133755372678335,7.735144927536232
borough_pair,EWR->EWR,44,2.700378787878788,63.26445271622066,54.400000000000006,1.4378284708231968,1.2363636363636366
borough_pair,EWR->Manhattan,6,42.53611111111111,38.43163729499014,63.85000000000001,6.405272882498356,10.641666666666667
borough_pair,Manhattan->Bronx,9320,34.80514484978541,86859.95312202386,101516.30833333333,9.31973745944462,10.892307761087269
borough_pair,Manhattan->Brooklyn,64632,30.31329527169204,369182.5667239795,409848.5416666667,5.712070904876524,6.341263486611379
borough_pair,Manhattan->EWR,8873,43.6186558473271,68863.9840759647,81338.35833333334,7.761071123178711,9.166951237837635
borough_pair,Manhattan->Manhattan,2958234,13.789909520342205,10408370.124092896,11069178.816666666,3.5184404357778645,3.741819888712883
borough_pair,Manhattan->Queens,92780,38.19259305166343,631478.3257214901,784623.375,6.806190188849861,8.456815854710067
borough_pair,Manhattan->Staten Island,312,45.4684829059829,2676.9171807381854,3167.2916666666665,8.579862758776235,10.151575854700853
borough_pair,Queens->Bronx,5743,39.100159614603285,42912.48536072882,53701.916666666664,7.472137447454086,9.35084740843926
borough_pair,Queens->Brooklyn,45900,40.13633042846768,309745.1290898318,375239.63333333336,6.748259893024658,8.175155410312273
borough_pair,Queens->EWR,232,67.15308908045976,2548.327403372775,3119.875,10.984169842124029,13.447737068965518
borough_pair,Queens->Manhattan,178517,44.179218599162354,1343469.0582070542,1692001.6333333333,7.5257205655878945,9.478098070958694
borough_pair,Queens->Queens,62694,19.643873682755395,301302.7249600102,334080.2,4.805926005040518,5.32874278240342
borough_pair,Queens->Staten Island,307,56.78197611292074,3078.608296044225,3718.875,10.02804005226132,12.113599348534201
borough_pair,Staten Island->Brooklyn,95,23.86438596491228,786.3711358653011,800.625,8.277590903845274,8.427631578947368
borough_pair,Staten Island->EWR,1,39.05,22.11447360837299,25.849999999999998,22.11447360837299,25.849999999999998
borough_pair,Staten Island->Manhattan,28,42.49107142857143,252.37456280830904,320.17499999999995,9.013377243153894,11.434821428571427
borough_pair,Staten Island->Queens,6,53.40833333333333,57.581831548827516,121.37499999999999,9.596971924804587,20.229166666666664
borough_pair,Staten Island->Staten Island,43,12.184883720930234,289.37477045356326,343.5333333333333,6.729645824501471,7.989147286821705
route,132->230,7810,62.44957106274008,74151.385355468,94456.95833333333,9.494415538472214,12.094360862142551
route,138->230,7143,45.297118390965515,62319.71936412018,74422.05,8.72458621925244,10.418878622427552
route,141->236,8415,7.892764903941375,21439.87097880687,22564.05,2.5478159214268414,2.6814081996434935
route,142->237,7237,10.900073695361797,23157.670534267272,23201.766666666666,3.199899203297951,3.2059923541062134
route,142->238,7329,8.544935643789513,18090.047054808405,18613.7,2.468283129323019,2.5397325692454635
route,142->239,9648,6.606517758430072,22088.218357077665,22089.158333333333,2.289409033693788,2.2895064607517965
route,161->236,10004,14.38524756763961,35873.926484310796,40146.63333333333,3.5859582651250297,4.013058110089298
route,161->237,12555,9.84572547457852,40721.14860066374,42838.25,3.243420836373058,3.4120469932297888
route,162->237,7543,9.332193203411553,25512.28348037792,26568.7,3.382246252204417,3.5222988200981042
route,186->230,7474,16.164262777629112,37807.35495389597,41671.61666666667,5.058516852274012,5.575544108464901
route,236->141,7585,9.227734563832126,21626.796618477387,22939.583333333332,2.851258618124903,3.0243353109206765
route,236->161,7950,16.466947589098535,34574.19367934588,38443.75,4.348955179791934,4.835691823899371
route,236->236,16671,4.99553016215784,32559.360080046652,32962.75,1.953053810811988,1.9772509147621617
route,236->237,23037,8.508209257571155,62123.43805380911,66110.84166666666,2.6966809069674484,2.8697678372473265
route,236->239,7734,9.537516162399791,21670.75449619281,22310.633333333335,2.80201118388839,2.8847470045685717
route,237->141,7605,6.740905106289722,17567.63489372686,17982.983333333334,2.310011162883216,2.36462634231865
route,237->161,10771,11.675492835700801,44658.979632810064,46096.13333333333,4.146224086232482,4.279652152384489
route,237->162,9447,9.464676616915423,33882.763747486824,34792.76666666667,3.586616253571168,3.682943438834198
route,237->236,26706,7.559119673481614,66624.37721418287,70976.84166666667,2.4947344122737536,2.6577114381287603
route,237->237,18261,6.126560246791888,44185.23718709519,45110.75,2.4196504675042543,2.4703329500027382
route,238->239,7803,5.508629159724893,14544.329561955543,14436.833333333334,1.8639407358651214,1.850164466658123
route,239->142,9410,6.746188452001417,21841.38152110931,21827.36666666667,2.3210819894908936,2.3195926319518243
route,239->236,7253,10.133259800542305,21932.501431925106,22158.416666666668,3.0239213335068396,3.055069166781562
route,239->238,9297,5.427715033523359,16617.09593571804,16505.75,1.7873610773064472,1.7753845326449391
route,263->236,7165,5.504412654105606,12858.123652633167,12928.933333333334,1.7945741315608048,1.8044568504303329
day,2024-11-01,133282,17.01507155254773,496349.8382721552,517988.38333333336,3.724057549197605,3.8864091425198706
day,2024-11-02,131153,15.805405264589195,467641.5559781351,518824.6666666667,3.5656184454654873,3.955873420102222
day,2024-11-03,98470,16.13833214853932,421510.21742690145,472079.49166666664,4.280595282084914,4.794145340374395
day,2024-11-04,97924,17.426658088585707,377505.25417206803,403006.38333333336,3.8550840873745766,4.115501647536185
day,2024-11-05,94307,15.094625354781016,358446.6024920921,348412.1583333333,3.8008483197651515,3.694446417904645
day,2024-11-06,111825,17.472956703182057,450099.7703368733,489573.00833333336,4.025037069858022,4.378028243535286
day,2024-11-07,125865,18.259042492617752,508730.70458767854,565403.7166666667,4.041875855779435,4.492144096187714
day,2024-11-08,125351,18.04205683773298,493190.4243832369,540585.8833333333,3.934475388175897,4.312577349469357
day,2024-11-09,130973,17.284089596074512,583651.2096515573,638157.3833333333,4.45627121354445,4.8724346493806605
day,2024-11-10,109433,16.353255416556248,384483.7559867937,438434.85833333334,3.513416939924828,4.006422727452718
day,2024-11-11,96230,17.44984550902352,504284.6237026081,435175.13333333336,5.240409682038949,4.5222397727666355
day,2024-11-12,123231,18.394861006294413,523111.09219497966,586994.5583333333,4.244963460452156,4.763367645587015
day,2024-11-13,129222,18.628092223718358,546297.5646391365,627413.7166666667,4.227589455658762,4.855316561163476
day,2024-11-14,137360,18.666828285769753,562102.1151416718,655263.9833333333,4.092181968125159,4.770413390603766
day,2024-11-15,135183,17.766423786028323,532081.909551512,578343.0583333333,3.9360119952324775,4.278223284979127
day,2024-11-16,145390,16.465873512621226,541550.465663329,615841.0,3.7248123369098907,4.23578650526171
day,2024-11-17,118912,16.108815342438106,391300.6120882959,471345.75,3.2906738772226176,3.9638198836114102
day,2024-11-18,109745,17.3733596063602,405043.4757151413,437671.26666666666,3.690769289855039,3.9880747794128815
day,2024-11-19,121624,17.747394702799884,476318.94985083386,538085.2166666667,3.9163236684440066,4.424169708829398
day,2024-11-20,129131,18.072483240533515,517496.9904776753,594101.3333333334,4.00753491011202,4.600764598224543
day,2024-11-21,148740,19.65426359195016,773183.3736178288,898692.8916666667,5.1982208795067155,6.042039072654744
day,2024-11-22,145453,17.491856132221407,570436.9924507122,625903.1,3.9217959921810635,4.30312953325129
day,2024-11-23,130142,16.093771162781167,477724.0544171592,540275.2583333333,3.6707907855815893,4.151428887932668
day,2024-11-24,104168,15.174908641169393,342301.08158802305,405363.3416666667,3.286048321826502,3.8914382695901493
day,2024-11-25,100560,17.036989193847784,399393.6443849406,418913.9666666667,3.9716949521175477,4.165811124370194
day,2024-11-26,110613,18.603027823733797,505378.62627069576,562989.7916666666,4.568889970172545,5.089725363805941
day,2024-11-27,103792,18.499497071065207,481937.88095859194,525877.5083333333,4.64330469553137,5.066647798802733
day,2024-11-28,74040,14.632072753466595,295925.8230955311,338995.06666666665,3.9968371568818353,4.578539528182964
day,2024-11-29,82829,15.259394052807593,383273.8776670588,359942.975,4.627290896510386,4.345615364184042
day,2024-11-30,98058,16.86877919190683,378966.0845851624,433979.55833333335,3.86471358364603,4.425743522541081
